{
  "$schema": "./node_modules/@angular/service-worker/config/schema.json",
  "index": "/index.html",
  "assetGroups": [
    {
      "name": "app",
      "installMode": "prefetch",
      "resources": {
        "files": [
          "/favicon.ico",
          "/index.html",
          "/manifest.webmanifest",
          "/*.css",
          "/*.js"
        ]
      }
    }, {
      "name": "assets",
      "installMode": "lazy",
      "updateMode": "prefetch",
      "resources": {
        "files": [
          "/assets/**",
          "/*.(eot|svg|cur|jpg|png|webp|gif|otf|ttf|woff|woff2|ani)"
        ]
      }
    }
  ],
  "dataGroups": [
    {
      "name": "chucknorris-api",
      "urls": ["https://api.chucknorris.io/jokes/random"],
      "cacheConfig": {
        "strategy": "freshness",
        "maxSize": 20,
        "maxAge": "1h",
        "timeout": "5s"
      }
    }
  ]
}
